id	duration_s	title	channel
2yL0LhyxOGk	70	A Stunning Product Launch Video for Membrain's Business Intelligence / SaaS Explainer	What a Story - The Video Partner for SaaS & AI
Z5EDZQ7_We4	61	Intro video for a Cyrpto Product - Alpha  | Promo Video	What a Story - The Video Partner for SaaS & AI
wnzbApqFAsE	67	Product Launch Video for GWI's AI Assistant Tool / B2B SaaS Videos / Motion Graphics Animation	What a Story - The Video Partner for SaaS & AI
-tPZCQsQEqo	86	4K Product Launch Video Example | AI-Powered Contract Automation | SaaS Explainer Video Animation	What a Story - The Video Partner for SaaS & AI
02Gm9v6MlnA	94	Best Example of a Founder Video for B2B SaaS | CapTech Product Launch Video	What a Story - The Video Partner for SaaS & AI
VYHqg4EfesE	73	4K Product Launch Video - Enterprise SaaS Explainer Video / Product Demo Video for B2B SaaS Founders	What a Story - The Video Partner for SaaS & AI
yul8gQlC9HM	92	SaaS Explainer Video for Zeliq / All-in-One Outreach Solution with AI / Product Demo Video Examples	What a Story - The Video Partner for SaaS & AI
c3YRRnfQb5w	60	AgentGPT - Product Teaser Video	What a Story - The Video Partner for SaaS & AI
mtPqxJBMXCQ	113	Explainer Video for Madison: AI Powered Digital Marketing Tool	What a Story - The Video Partner for SaaS & AI
8T7dPmiHS1Y	73	Best SaaS Explainer Video Example - Sogage: A One-Stop Solution for Gaming Community Management	What a Story - The Video Partner for SaaS & AI
5e1WMPUbUsU	111	HRS Product Launch Event - Promo Video Showcase 🚀 | The Secret to Unforgettable Events!	What a Story - The Video Partner for SaaS & AI
_38ybzeZ9i8	86	The Future of Payments: PayCloud SaaS Explainer Video / Motion Graphics Animation	What a Story - The Video Partner for SaaS & AI
BOupst1PWXI	114	Inspiring Explainer Video Animation for SaaS Product	What a Story - The Video Partner for SaaS & AI
g-dLSuWD2hU	101	AI SaaS Product Demo Video: Agentic AI Software Development, Multi-Agent Swarm Intelligence DevTools	What a Story - The Video Partner for SaaS & AI
DhNGmPdJSL8	101	Data Meets AI: Animated Explainer Video for Enterprise SaaS - Fosfor	What a Story - The Video Partner for SaaS & AI
XePPHrTdPqA	39	Best SaaS Marketing Video | ResponseScribe | App Explainer Video Example 🎥📝	What a Story - The Video Partner for SaaS & AI
mS9MbNq4FLg	84	We made this Product Launch Video in just 7 DAYS!!!	What a Story - The Video Partner for SaaS & AI
nIMiscSqQgQ	98	SaaS Explainer Video for TQ42 / Motion Graphics Animation Videos	What a Story - The Video Partner for SaaS & AI
aqfc2RvMve8	48	DON'T MISS This Product Launch Video Example	What a Story - The Video Partner for SaaS & AI
C1Bniq1hrgE	146	B2B Travel Tech Product Video for Shipping Industry | Explainer and SaaS Demo Video Production USA	What a Story - The Video Partner for SaaS & AI
HzAHRtJiiGk	52	Product Launch Explainer Video for JustCall IQ, a B2B Sales SaaS platform	What a Story - The Video Partner for SaaS & AI
aoYwK-1rl5I	37	Product Promotion Video: Cascade App (Motion Graphics Animation)	What a Story - The Video Partner for SaaS & AI
vLeqIRI5qPY	41	Product Teaser Video | UpSend | Typography With UI Animation	What a Story - The Video Partner for SaaS & AI
6ROXsaHkvkU	96	SaaS Explainer Video: DeskLog AI / Dealership CX App / Motion Graphics Animation	What a Story - The Video Partner for SaaS & AI
emwftTcwpAo	72	FinTech Explainer Video Animation for AI SaaS Product: Kitaabh | B2B Accounting Product Demo Videos	What a Story - The Video Partner for SaaS & AI
pQkbEUbLxbE	30	The Unreleased Product Launch Video	What a Story - The Video Partner for SaaS & AI
rW94yi4-jwU	36	Transform Your TV Ad Marketing Strategy - SaaS Explainer Video / Product Demo Video	What a Story - The Video Partner for SaaS & AI
A-1tCn5h1PI	73	The Best Explainer Video cum Product Demo Video Example for SaaS Company	What a Story - The Video Partner for SaaS & AI
hD7_4tyUmCw	71	SaaS Explainer Video for Sales & Support Teams | JustCall | Dynamic Animation	What a Story - The Video Partner for SaaS & AI
dmd3q6TDVgY	62	Best B2B Product Intro Video | Dynamic Brand Video | Kyvos	What a Story - The Video Partner for SaaS & AI
2AWzLDFJXjo	69	Viable - SaaS Explainer Video | Isometric UI Animation	What a Story - The Video Partner for SaaS & AI
-081j8A_DPE	84	NFT Marketplace Launch Explainer Video | Ultra.io- Campaign Animation	What a Story - The Video Partner for SaaS & AI
Wq0UYhL8sCM	41	Product Intro Video for the Event Booth | Crypto Asset Tokenization | Product Launch Animation	What a Story - The Video Partner for SaaS & AI
WlUTznYI3Ps	111	Product Promo Video for Event - Mobile App Explainer - HRS (Without VO)	What a Story - The Video Partner for SaaS & AI
D1GEU4W6WkI	32	NFT Launch Promo | ULTRA'S POWER by Ultra.io - Product Launch Video	What a Story - The Video Partner for SaaS & AI
m9LlsYKFe_k	30	NFT Launch Promo | ELEMENTAL SOUL by Ultra.io- Campaign Animation	What a Story - The Video Partner for SaaS & AI
c1n1QDp3pz0	32	NFT Launch Promo | GALAXY DROIDZ by Ultra.io- Campaign Animation	What a Story - The Video Partner for SaaS & AI
du0qhu4Ecck	36	The Product Launch Video That Ticked All the Boxes 🎥🚀	What a Story - The Video Partner for SaaS & AI
fecYEQAZnY8	31	30-Second of Product Marketing Video // SaaS Product Ads	What a Story - The Video Partner for SaaS & AI
SpcGZLNYztc	55	Tech Product Promotion Video Example - PlugXR - AR/VR SaaS App Intro	What a Story - The Video Partner for SaaS & AI
MS68CCaFP5Y	576	7 Incredible SaaS Product Demo Videos that will blow your mind.	What a Story - The Video Partner for SaaS & AI
Juw11REGLaU	52	Technology Promo Video | Advanced Animation | LTI- Fosfor- Brand Promotional Motion Graphics	What a Story - The Video Partner for SaaS & AI
GCnrWyh_Wp0	88	Pretr: Unveiling the Future of Retail - India's First Omnichannel Marketplace | Product launch	What a Story - The Video Partner for SaaS & AI
k2feExvx5QU	141	SaaS Explainer Video for Enterprise’s Product: Refract / Software Demo	What a Story - The Video Partner for SaaS & AI
lOvxB_Hpt74	81	Lumin Mobile: Unleash the Power of Data // SaaS Explainer Video	What a Story - The Video Partner for SaaS & AI
lHARJPhY6NA	98	FICX No-Code Platform - Product Explainer Video Examples	What a Story - The Video Partner for SaaS & AI
pbOcDHzi3wk	51	New! Product Launch Video for Best Version Media / SaaS Demo Video	What a Story - The Video Partner for SaaS & AI
TEENRIHGcAQ	108	Product Showcase Video for Tech Events and Conferences	What a Story - The Video Partner for SaaS & AI
QXdwcZVweJI	39	Product Launch Teaser Video for Gaming Platform Ultra.io / Motion Graphics Animation	What a Story - The Video Partner for SaaS & AI
npQjAYkXK1k	141	SaaS Explainer Video for Lumin GPT / Marketing Video / Product Demo Video Examples	What a Story - The Video Partner for SaaS & AI
RSf_U5Ae8DE	62	Product Launch Video for Crypto Ticketing Platform // Motion Graphics Animation with VO	What a Story - The Video Partner for SaaS & AI
dMbvDNWYKZ4	76	DialWorks- Brand Launch Video | Stomp Video | SaaS Explainer Video	What a Story - The Video Partner for SaaS & AI
BfCRKR1rGCY	69	Powerful Product Demo Video for Real Estate's Website Builder / Motion Graphics Animation for SaaS	What a Story - The Video Partner for SaaS & AI
hYg3rJMhwEI	32	Product Explainer Video for CRM Software | SaaS Feature Reveal | Odore	What a Story - The Video Partner for SaaS & AI
pUsreu5dTJ0	90	INSANE Motion Graphics Explainer Video / 2D Animation for Gaming Technology	What a Story - The Video Partner for SaaS & AI
G490yBQ-Vlg	57	Motion Graphics Explainer Video Animation for an NFT-Based Ticketing Solution	What a Story - The Video Partner for SaaS & AI
nf3Hd9mjcmk	41	Top Animated Marketing Videos: Explainer Video Animation for Fintech Website / Motion Graphics	What a Story - The Video Partner for SaaS & AI
y1vMczVHulo	41	Dynamic Product Demo for Odore | Inventory Management System Brand Video Showcase	What a Story - The Video Partner for SaaS & AI
_FJ_my0-vQw	34	Innovative Product Demo Video for Odore | Elevating Social Media Optimizer with UI Animations	What a Story - The Video Partner for SaaS & AI
fyHipALaIAY	78	Product Explainer Video in JUST 10 Days! Satellite Data Analysis | Motion Graphics Animation	What a Story - The Video Partner for SaaS & AI
c5nQdv3cnBQ	100	Seamless Motion Graphics Explainer | A Visual Storytelling Masterpiece	What a Story - The Video Partner for SaaS & AI
1LYUJpcVfQE	131	Product Demonstration Video for FCS1 Hotel Management Software | SaaS Product Video	What a Story - The Video Partner for SaaS & AI
PBqpDipqNtY	59	Product Launch Video for Crypto Ticketing Platform // Motion Graphics Animation	What a Story - The Video Partner for SaaS & AI
TNCAjtXkb2k	63	ArtDept.AI: The Ultimate AI Content Creation App - Explainer & Demo Video Ad for SaaS Product	What a Story - The Video Partner for SaaS & AI
4mMSVXcE6IY	74	SaaS Explainer Video for the FinTech Product: Peko / Motion Graphics Animation #explainervideo	What a Story - The Video Partner for SaaS & AI
x_tCThgCepU	61	Best Product Launch Video for AI Marketplace | Motion Graphics Explainer Video Animation	What a Story - The Video Partner for SaaS & AI
nK1VS9Q9CME	68	Enterprise AI Agents: Automation Product Video | SaaS Explainer & Promotional Videos for AI Solution	What a Story - The Video Partner for SaaS & AI
sEp_fRv2Ow0	113	Munch - Explainer Video (First Draft)	What a Story - The Video Partner for SaaS & AI
_PbQgX4URJg	119	Munch -  Explainer Video Version 2	What a Story - The Video Partner for SaaS & AI
YzZWm-5qNnQ	88	Brand Video for Enterprise AI Solutions: BlueVerse / Brand Launch Video / Corporate Video Production	What a Story - The Video Partner for SaaS & AI
B8IOKC5w3YM	64	Turning Leads Into Conversations - with Sendr 2.0!	Sendr
k3ZItY0S57k	127	HeyGen Video Agent: Create Full AI Videos Automatically (Complete Demo)	HeyGen
w7Do0gq589A	72	ada CX | scale your customer service effortlessly with AI	Ada
-6ilG9NZn-M	75	Introducing Vapi Workflows	Vapi
HVJ10JaoJVI	108	Animated Explainer Video: AI Sales Automation Platform | SaaS Animation by Video Production Company	What a Story - The Video Partner for SaaS & AI
mnj5SttD5lQ	27	Collage Animation Brand Positioning Video: Kitaabh | Animated Video Production Company Services	What a Story - The Video Partner for SaaS & AI
bJ1XFhWOdtY	95	Dynamic Promo Video Typography Explainer for Digital Marketing Software / Animated Video	What a Story - The Video Partner for SaaS & AI
KKEoKxZGJ0g	78	Product Launch Video Animation | Enterprise AI & Sustainability Solution | Explainer Video Example	What a Story - The Video Partner for SaaS & AI
XGlri_JubsA	39	See What Your SaaS Product Could Look Like in 40 Seconds	What a Story - The Video Partner for SaaS & AI
lWe_JK-wtEo	30	SaaS Video Production | Accounting Software Demo | FinTech Dashboard Explainer | B2B Video Agency	What a Story - The Video Partner for SaaS & AI
Pi50NiONPI8	77	Best SaaS Explainer Video - Refract by Fosfor (HR Product)	What a Story - The Video Partner for SaaS & AI
y4axD7B2XfM	84	Advanced Animation || Explainer Video for Crypto Exchanges || ETERNA	What a Story - The Video Partner for SaaS & AI
uNHbqDTc5-Q	74	AI FinTech Explainer Video | FinancialPress Web3 Investor Platform Launch	What a Story - The Video Partner for SaaS & AI
Bd88c37k7zo	772	9 Best Explainer Videos for AI Products | Watch Before You Hire an Agency	What a Story - The Video Partner for SaaS & AI
_YlxcU--OMU	157	SaaS Product Launch Video | Corporate Animation for FinTech Platform - Pulse | Agency Portfolio	What a Story - The Video Partner for SaaS & AI
ONg3G0hGUKo	176	B2B AI Explainer Video Animation for Enterprise Feedback Platform / Video Production for US Startups	What a Story - The Video Partner for SaaS & AI
yxTAYXKF3UI	123	Amy - The AI Agent for Private Market Investors	Amy, The AI Analyst
gQ8yF87e8OY	118	Low-Code AI Explainer Video: Watch How Developers Actually Build Apps Now / SaaS Product Demo	What a Story - The Video Partner for SaaS & AI
IMMj6lQlfus	73	4K Product Launch Video - Enterprise Software Explainer for B2B SaaS Founders - MSPortal	What a Story - The Video Partner for SaaS & AI
iDKaOW10B7U	66	AI-Driven Sports Event Management Software | SaaS Product Demo for Event Organizers	What a Story - The Video Partner for SaaS & AI
8ASaMscB1Po	111	Dental Practice AI Software Explainer Video | Enterprise HealthTech Product Demo	What a Story - The Video Partner for SaaS & AI
C1Okg3hfpTs	93	B2B SaaS Product Demo Video for Smoobu | Automate Property Management | Explainer Videos	What a Story - The Video Partner for SaaS & AI
kYud5XQLkIc	100	This Trade Show Booth Video Sells What Words Can't Explain / Product Launch Video Example	What a Story - The Video Partner for SaaS & AI
C38TKoFCIw4	23	Best AI Agent Explainer Video Examples for SaaS | Product Demo Video | SaaS Video Ads	What a Story - The Video Partner for SaaS & AI
ybQ3LcxfZyU	71	MarTech Explainer Video for Influencer Marketing Management | Odore Thayers Case Study	What a Story - The Video Partner for SaaS & AI
q_rShNRxhH4	71	MarTech Explainer Video for Influencer Marketing Management | Odore Thayers Case Study	What a Story - The Video Partner for SaaS & AI
7CzlfwH8xdo	36	Apple-Style Minimalist Brand Video Example  Abstract Motion Graphics Animation	What a Story - The Video Partner for SaaS & AI
llRMaoacRA4	58	AI Property Management SaaS Explainer Video | Scale Rental ROI | Product Demo Video | PropTech	What a Story - The Video Partner for SaaS & AI
wr0d9Gin5Yg	76	AI Payment Fraud Detection SaaS Explainer Video | Secure FinTech at Scale | Enterprise Cybersecurity	What a Story - The Video Partner for SaaS & AI
6xb82sm9Bbs	68	Real-Time Vendor Reliability Assessment | Supply Chain Risk Management | SaaS Dashboard Animation	What a Story - The Video Partner for SaaS & AI
S-lwrVXj3dc	30	Turning Complex B2B Tech Software Into Engaging Explainer Video	What a Story - The Video Partner for SaaS & AI
GyYIBdrAASw	105	Animated Explainer for Avalara AI & Shopify Integration | B2B SaaS Product Demo Video Example	What a Story - The Video Partner for SaaS & AI
SxU4VwzYLs8	160	FinTech SaaS Product Demo Video | Avalara AI & Stripe Integration | Explainer Example	What a Story - The Video Partner for SaaS & AI
iVpp-RS-PW4	79	B2B Retail Tech Explainer Video | In-Store Sales Enablement Video | Caratwise | UI Animation	What a Story - The Video Partner for SaaS & AI
_Afe8o2u1yY	81	Customer Insight SaaS Explainer Video | UI Motion Design for Research Tech Platform	What a Story - The Video Partner for SaaS & AI
6wg--2qurP0	54	Retail SaaS Explainer Video | 3D Motion Graphics for B2B Tech | Caratwise	What a Story - The Video Partner for SaaS & AI
iPGaGkdYKsg	78	Ventaz AI - Explainer VIdeo	What a Story - The Video Partner for SaaS & AI
zv72jBuddE8	125	Automotive Dealership CRM Platform Walthrough | Spyne AI Demo Video | Used Cars Seller	What a Story - The Video Partner for SaaS & AI
4z96NHuVU7Q	22	B2B Enterprise SaaS Product Video Example	What a Story - The Video Partner for SaaS & AI
bcqSNW1XYoE	25	How We Design FinTech SaaS Explainer Videos	What a Story - The Video Partner for SaaS & AI
Q90lnv8H5U4	125	Enterprise AI Tax Compliance Platform | Avalara Aviator Product Overview Video	What a Story - The Video Partner for SaaS & AI
B1iVW8emoUk	99	A Must-Watch B2B SaaS Product Video / Live Action Explainer Video Examples	What a Story - The Video Partner for SaaS & AI
U3IfeAqciL0	133	Best SaaS Explainer Videos: Hotel Management App / Product Teaser Video (Motion Graphics Animation)	What a Story - The Video Partner for SaaS & AI
1Jc4ywxopmY	63	Best Product Explainer Video | Fronter |  Best SaaS Explainer Video	What a Story - The Video Partner for SaaS & AI
53pvn5QCtpA	72	Enterprise Product Demo Video Example / SaaS Explainer Video Agency / B2B Video Production Company	What a Story - The Video Partner for SaaS & AI
PTr5T87ViW4	75	SaaS Explainer Video for YC AI Startup 🚀 Best Product Demo Video Example	What a Story - The Video Partner for SaaS & AI
o5nt6YUNQRQ	50	Animated Explainers & SaaS Product Demos | What a Story Video Production Company	What a Story - The Video Partner for SaaS & AI
8JWGH6LCWp8	64	Product Explainer Video | JustCall x HubSpot | Best SaaS Explainer Video	What a Story - The Video Partner for SaaS & AI
6MBAEcdPDe8	61	Motion Graphics Showreel - What a Story / B2B Explainer Video Company / Animated Videos for Tech	What a Story - The Video Partner for SaaS & AI
RITAGbklRCI	99	THE ULTIMATE Explainer Video for a Tech Marketplace - Ready.dev	What a Story - The Video Partner for SaaS & AI
SXHCplEakRk	83	Motion Graphics Explainer Video for IT Company - Faronics Cloud	What a Story - The Video Partner for SaaS & AI
gjpXUD8Vz6I	61	High-Converting Product Explainer Video for Surfe (ex-Leadjet)	What a Story - The Video Partner for SaaS & AI
HeYzBw7JvwQ	70	SaaS Explainer Video Animation for Zeda / AI Product Management App / Product Launch Video	What a Story - The Video Partner for SaaS & AI
33ilXiqbhq4	118	Professional-grade SaaS Explainer Video for Zoho's Site 24x7	What a Story - The Video Partner for SaaS & AI
nWay8rdGmAg	88	Explainer Video Animation for SaaS Product Company - Happy x What a Story	What a Story - The Video Partner for SaaS & AI
6ou4kuM2YRo	71	Motion Graphics Explainer Video for Influencer Marketing SaaS Platform - Famous Birthdays	What a Story - The Video Partner for SaaS & AI
Qbxq-To0W_I	73	Recruit Best Technical Talents in mins with Micro1-gpt-vetting // SaaS Product Explainer Video	What a Story - The Video Partner for SaaS & AI
zmso_QWvST4	99	Roofing CRM SaaS Explainer Video | AccuLynx Product Demo Animation	What a Story - The Video Partner for SaaS & AI
oddwQ1tf5PI	91	Save Time & Money with Imagine.io / SaaS Explainer Video	What a Story - The Video Partner for SaaS & AI
w8p5NE9WXlI	134	SaaS Explainer & Demo Videos | Compilation of Snowflake Summit 2023 🎥	What a Story - The Video Partner for SaaS & AI
nzGN6amvokI	98	Product Explainer Video for Lumin x Snowflake Summit 2023	What a Story - The Video Partner for SaaS & AI
A1f-afDV-4Q	166	Fintech SaaS Explainer Video Example | HighRadius Credit Cloud Animation	What a Story - The Video Partner for SaaS & AI
Boqqf57rkzg	63	Marketing Video for SaaS Product - Viable - Reaction Video Style	What a Story - The Video Partner for SaaS & AI
chnmQlicmAU	146	Explainer Video for Kwickmetrics | Amazon Vendor Solution	What a Story - The Video Partner for SaaS & AI
TVgzZO9-1QI	97	3D Explainer Video for Content Marketing- WriterZen || Advanced Animation	What a Story - The Video Partner for SaaS & AI
saK-4v9LoVs	61	2D Explainer Video for B2B Tech Product: Kandi // Animated Marketing Video	What a Story - The Video Partner for SaaS & AI
7l4kfhOPHjQ	126	Affable.ai - Campaign Animation Example - Explainer Video	What a Story - The Video Partner for SaaS & AI
gJLNLkcEyZY	62	MASTER Motion Graphics: Free After Effects Files for Product Explainer Video	What a Story - The Video Partner for SaaS & AI
Nn9hXQAN-LM	101	Product Explainer Video for SaaS | AnnounceKit| Custom Explainer Video Production	What a Story - The Video Partner for SaaS & AI
ZU4C5lv05n4	91	Boksi - Connecting Brands with Creators / B2B Product Explainer Video	What a Story - The Video Partner for SaaS & AI
LLmNshUVkd0	100	Animated Explainer Video Example - 360 Wellness - Product Ads	What a Story - The Video Partner for SaaS & AI
wfUzh6xDVTg	95	Explainer Video Animation- UpRaise For Employee Garrison | Best SaaS Video | Motion Graphics	What a Story - The Video Partner for SaaS & AI
ivVcm8eBcG8	66	High-Converting Product Explainer Video for CloudCannon	What a Story - The Video Partner for SaaS & AI
JQumvggSQdo	75	Geopointe: A Software Demo Video Example | Product Demo Videos	What a Story - The Video Partner for SaaS & AI
tnTrRFoiNJc	114	Corporate Explainer Video for SHP - Employee Advocacy SaaS Product	What a Story - The Video Partner for SaaS & AI
5gyYw0X7nR8	116	Explainer Video for Enterprise AI Solutions: Level AI / Customer Service Agents/ SaaS Product Videos	What a Story - The Video Partner for SaaS & AI
UzlbSDWSPJk	83	Explainer Video for SaaS | Ads2grid | Motion Graphics Animation	What a Story - The Video Partner for SaaS & AI
GJjVTYFVeQc	48	SaaS Product Explainer Video Example	What a Story - The Video Partner for SaaS & AI
S9H3sqKc9Y4	157	Darwinbox: Software Demo & Explainer Video for HRM Product	What a Story - The Video Partner for SaaS & AI
ClKHjd8gj8k	75	SaaS Explainer Video Animation That Converts | LegalTech eSignature for Online Notarization Launch	What a Story - The Video Partner for SaaS & AI
ZDR0X7VOho4	97	MIND-BLOWING Teaser Video AI No Code Builder Motion Graphics Animation	What a Story - The Video Partner for SaaS & AI
j5Jyg5GfdWY	116	Product Explainer Video for Enterprise Social Media Management Tool | Motion Graphics Animation	What a Story - The Video Partner for SaaS & AI
d0Ss8nzttOI	91	Boosting Conversion of Digital Identity SaaS with 2D Character Animation	What a Story - The Video Partner for SaaS & AI
rvp5RlrBEZY	72	Motion Graphics Animation for B2B Communication SaaS Explainer Video	What a Story - The Video Partner for SaaS & AI
4B8iAtm98LU	61	2D Animated Explainer Video for Insurance Tech SaaS Company / Motion Graphics Animation	What a Story - The Video Partner for SaaS & AI
NvyGrBLb1NY	103	Enterprise SaaS Explainer | Product Demo Video | Industrial Automation Software | ERP | CRM | BOM	What a Story - The Video Partner for SaaS & AI
uUy7LMA47c8	69	Amazing Explainer Video Animation for Developer Talent Marketplace | Motion Graphics	What a Story - The Video Partner for SaaS & AI
pR-fOiDdjiQ	115	Business Explanatory Video for Enterprise Company / Infographic Animation	What a Story - The Video Partner for SaaS & AI
nisv3rsn2lQ	62	Best Product Demo Video for Influencer Marketing Agency | SaaS Explainer Video Company	What a Story - The Video Partner for SaaS & AI
mbKt-0bBmK8	172	Enterprise Product Demo Video for Drilling Operations SaaS | SaaS Walkthrough Video	What a Story - The Video Partner for SaaS & AI
FFewDlGHVKo	101	2D Animation Video for Construction Tech: Aris Explainer Video	What a Story - The Video Partner for SaaS & AI
exM9XpoGf_0	100	SaaS Onboarding Video in 2 Weeks for a Tech Company: PodPlan Product Demo Video	What a Story - The Video Partner for SaaS & AI
mXVnR5mcpqA	75	Professional SaaS Explainer Video for Staff Management App / Motion Graphics Animation	What a Story - The Video Partner for SaaS & AI
WkLKe6KNxyU	96	Premium Explainer Video for Enterprise Product | B2B Data Intelligence Company | 2D Animation	What a Story - The Video Partner for SaaS & AI
loD8ZpA19ds	87	Impactful SaaS Product Video | 2D Animation for Digital Identity Management	What a Story - The Video Partner for SaaS & AI
kVsN0WegmaE	54	Explainer Video for AI Document Processing App | Motion Graphics Animation for SaaS Tools	What a Story - The Video Partner for SaaS & AI
7uLXkuj6hv0	115	Innovative SaaS Explainer Video for GlobeSmart | Animated Culture Awareness Produc Demo	What a Story - The Video Partner for SaaS & AI
7HVqyppIur4	104	Total Response Cloud: Product Launch Video | SaaS Explainer for Emergency Response	What a Story - The Video Partner for SaaS & AI
XP6dqsEQyJE	540	The 7 Video Types Every Tech & SaaS Company MUST Use!	What a Story - The Video Partner for SaaS & AI
Y9jGlkCgBDY	100	Stadium: 2D Animated Explainer Video for E-commerce Tech & Corporate Gifts - Product Demo	What a Story - The Video Partner for SaaS & AI
hktY7pdS3zI	69	2D Animated Explainer Video for ABC Industry - ABC Client (Motion Graphics or 2d Animation)	What a Story - The Video Partner for SaaS & AI
gVcyghMTrtU	68	Explainer Video Animation for Enterprise AI Solutions -  Synoptix / SaaS Product Demo Videos	What a Story - The Video Partner for SaaS & AI
_SI7avd_iC0	101	SaaS Explainer Video Animation for Revenue Management Platform 🚀 CRM Product | Agentic AI Videos	What a Story - The Video Partner for SaaS & AI
PrgeaCTpdRA	74	Enterprise SaaS Explainer Video | Quantum Computing Product Launch Demo | Top B2B Animation Videos	What a Story - The Video Partner for SaaS & AI
jLBhmZysJ4A	33	SaaS Video Ad for Fintech Product / AI Accounting Explainer Video - Animated Demo Video Production	What a Story - The Video Partner for SaaS & AI
yMPMtpxbA40	49	Enterprise Product Demo Video Example / SaaS Explainer Video Agency / B2B Video Production Company	What a Story - The Video Partner for SaaS & AI
f33iT1hqok4	118	AI-Powered Software Product Launch Video: CHAT Communication Tool for Workplace Productivity	What a Story - The Video Partner for SaaS & AI
BLC3H8Fgt8I	933	Best Explainer Videos 2025 (Examples for Startups) / Product Demo Videos	What a Story - The Video Partner for SaaS & AI
d09ol6SP9Ao	101	B2B Cloud Database Monitoring Explainer Video for Enterprise IT | AI Solutions for SQL and Non-SQL	What a Story - The Video Partner for SaaS & AI
OYe3gvA--LU	66	Enterprise Customer Service Software Explainer Video Animation | Best B2B Tool	What a Story - The Video Partner for SaaS & AI
uw3rtrNc15c	201	Booth Video Example for Agentic AI & Data Fabric | Premium Animation for AI SaaS Startup	What a Story - The Video Partner for SaaS & AI
sLnaJ0CUbX4	166	InsurTech SaaS Product Demo | UI Animation Example | B2B HealthTech Explainer Video	What a Story - The Video Partner for SaaS & AI
u9w_Z4nD9Yk	61	Fleet Management SaaS Explainer Video | Terberg | Enterprise AI Product Demo for Industrial Vehicles	What a Story - The Video Partner for SaaS & AI
6OTCGQHZJqM	108	Enterprise SaaS Demo Video for Cloud Tech | AIOps & IT Monitoring | Dashboard Walkthrough Video	What a Story - The Video Partner for SaaS & AI
ORsp_pxCz_g	181	Enterprise AI Tax Compliance Platform | Avalara Aviator Product Overview Video	What a Story - The Video Partner for SaaS & AI
SgmuplXU2iY	33	Best SaaS Product Launch Ad Video | LangEase	Zelios - Animated Video Production
VW5MbuRgifY	40	Vector Sound Effects Library for Motion Graphics, UI & Video Editing | Official Trailer	Ocular Sounds
