file	freesound_id	name	author	licence	url	credit_line
projects/007-pulse-hyperframes/assets/audio/music/fs785817-darkwave-reactor.wav	785817	Darkwave Reactor	Alien_I_Trust	CC0	https://freesound.org/people/Alien_I_Trust/sounds/785817/	
projects/007-pulse-hyperframes/assets/audio/music/fs513610-pulsing-analog-drone.wav	513610	Pulsing Analog Drone	Nielsvdb	CC0	https://freesound.org/people/Nielsvdb/sounds/513610/	
projects/009-shift-bangmotion/assets/audio/music/fs170601-wet-square-techno-beat-with-toppings.wav	170601	Wet Square Techno Beat With Toppings.wav	Detski	CC0	https://freesound.org/people/Detski/sounds/170601/	
projects/009-shift-bangmotion/assets/audio/music/fs337309-electro-base-x1.wav	337309	Electro base x1	frankum	CC0	https://freesound.org/people/frankum/sounds/337309/	
projects/010-mira-motionreel/assets/audio/music/fs414441-bell-beats.wav	414441	Bell Beats.wav	BuytheField	CC0	https://freesound.org/people/BuytheField/sounds/414441/	
projects/010-mira-motionreel/assets/audio/music/fs561190-tropicorp-advertisement.wav	561190	Tropicorp Advertisement	code_box	CC0	https://freesound.org/people/code_box/sounds/561190/	
projects/006-flowboard-shotcraft/assets/audio/sfx/fs256455-mouse-click.wav	256455	Mouse Click	HunteR4708	CC0	https://freesound.org/people/HunteR4708/sounds/256455/	
projects/006-flowboard-shotcraft/assets/audio/sfx/fs388958-soft-two-finger-snap.wav	388958	Soft Two-Finger Snap	jackieAZ	CC0	https://freesound.org/people/jackieAZ/sounds/388958/	
projects/006-flowboard-shotcraft/assets/audio/sfx/fs378085-mechanical-key-hard.wav	378085	mechanical key hard.wav	bigmonmulgrew	CC0	https://freesound.org/people/bigmonmulgrew/sounds/378085/	
projects/006-flowboard-shotcraft/assets/audio/sfx/fs570754-keyboard---press-down.wav	570754	Keyboard - Press down	Foxfire-	CC0	https://freesound.org/people/Foxfire-/sounds/570754/	
projects/006-flowboard-shotcraft/assets/audio/sfx/fs447909-keyboard-typing.wav	447909	Keyboard typing	Breviceps	CC0	https://freesound.org/people/Breviceps/sounds/447909/	
projects/006-flowboard-shotcraft/assets/audio/sfx/fs685256-riser-sound-effect-short.wav	685256	Riser sound effect short.wav	syntheffects	CC0	https://freesound.org/people/syntheffects/sounds/685256/	
projects/006-flowboard-shotcraft/assets/audio/sfx/fs534103-mouse-click-single-00.wav	534103	mouse-click-single-00.flac	pbimal	CC0	https://freesound.org/people/pbimal/sounds/534103/	
projects/006-flowboard-shotcraft/assets/audio/sfx/fs349698-light-slow-swoosh.wav	349698	light slow swoosh.mp3	Mikes-MultiMedia	CC0	https://freesound.org/people/Mikes-MultiMedia/sounds/349698/	
projects/006-flowboard-shotcraft/assets/audio/sfx/fs614153-swishes-11-gentle.wav	614153	Swishes_11_gentle.wav	videofueralle	CC0	https://freesound.org/people/videofueralle/sounds/614153/	
projects/006-flowboard-shotcraft/assets/audio/sfx/fs614156-swishes-16-soft-slower.wav	614156	Swishes_16_soft_slower.wav	videofueralle	CC0	https://freesound.org/people/videofueralle/sounds/614156/	
projects/006-flowboard-shotcraft/assets/audio/sfx/fs701104-whoosh-stereo-light--transition.wav	701104	Whoosh stereo light (transition)	xkeril	CC0	https://freesound.org/people/xkeril/sounds/701104/	
projects/006-flowboard-shotcraft/assets/audio/sfx/fs683101-quick-woosh.wav	683101	quick woosh	florianreichelt	CC0	https://freesound.org/people/florianreichelt/sounds/683101/	
projects/006-flowboard-shotcraft/assets/audio/sfx/fs71852-digital-whoosh-soft.wav	71852	digital_whoosh_soft.wav	ludvique	CC0	https://freesound.org/people/ludvique/sounds/71852/	
projects/007-pulse-hyperframes/assets/audio/sfx/fs541434-heartbeat.wav	541434	heartbeat.wav	PollyannaMedia	CC0	https://freesound.org/people/PollyannaMedia/sounds/541434/	
projects/007-pulse-hyperframes/assets/audio/sfx/fs276578-heavy-heartbeat.wav	276578	Heavy Heartbeat	MickBoere	CC0	https://freesound.org/people/MickBoere/sounds/276578/	
projects/007-pulse-hyperframes/assets/audio/sfx/fs22417-single-heartbeat-hq-beatsmith.wav	22417	Single Heartbeat HQ_BeatSmith.wav	Lunardrive	CC0	https://freesound.org/people/Lunardrive/sounds/22417/	
projects/007-pulse-hyperframes/assets/audio/sfx/fs332713-tap.wav	332713	Tap.flac	vacuumfan7072	CC0	https://freesound.org/people/vacuumfan7072/sounds/332713/	
projects/007-pulse-hyperframes/assets/audio/sfx/fs405705-found-matress-hit.wav	405705	found matress hit.wav	apinasaundi	CC0	https://freesound.org/people/apinasaundi/sounds/405705/	
projects/007-pulse-hyperframes/assets/audio/sfx/fs767613-ring-drop.wav	767613	Ring Drop	danluxradium	CC0	https://freesound.org/people/danluxradium/sounds/767613/	
projects/007-pulse-hyperframes/assets/audio/sfx/fs386216-steel---angle-ring-drop.wav	386216	Steel - Angle ring drop	ldezem	CC0	https://freesound.org/people/ldezem/sounds/386216/	
projects/009-shift-bangmotion/assets/audio/sfx/fs406586-picture-drop-heavy-paper-near-mono.wav	406586	Picture Drop_Heavy Paper_Near_Mono	_stubb	CC0	https://freesound.org/people/_stubb/sounds/406586/	
projects/009-shift-bangmotion/assets/audio/sfx/fs651514-paper.wav	651514	paper	1bob	CC0	https://freesound.org/people/1bob/sounds/651514/	
projects/009-shift-bangmotion/assets/audio/sfx/fs131342-rolled-paper-slapping-5.wav	131342	Rolled paper,slapping 5.wav	nahmandub	CC0	https://freesound.org/people/nahmandub/sounds/131342/	
projects/009-shift-bangmotion/assets/audio/sfx/fs131337-rolled-paper-slapping-1.wav	131337	Rolled paper,slapping 1.wav	nahmandub	CC0	https://freesound.org/people/nahmandub/sounds/131337/	
projects/009-shift-bangmotion/assets/audio/sfx/fs421583-qkey.wav	421583	qKey.wav	UberBosser	CC0	https://freesound.org/people/UberBosser/sounds/421583/	
projects/009-shift-bangmotion/assets/audio/sfx/fs421581-wkey.wav	421581	wKey.wav	UberBosser	CC0	https://freesound.org/people/UberBosser/sounds/421581/	
projects/009-shift-bangmotion/assets/audio/sfx/fs554208-cardsound32562.wav	554208	cardsound32562	memes_hodachy	CC0	https://freesound.org/people/memes_hodachy/sounds/554208/	
_shared/music/freesound/fs679738-calming-piano-loop-60bpm.ogg	679738	Calming Piano Loop 60bpm	Seth_Makes_Sounds	CC0	https://freesound.org/people/Seth_Makes_Sounds/sounds/679738/	
_shared/music/freesound/fs671900-calm-background-music.ogg	671900	Calm background Music	Bertsz	CC0	https://freesound.org/people/Bertsz/sounds/671900/	
_shared/music/freesound/fs670039-chill-background-music.ogg	670039	Chill Background Music	Seth_Makes_Sounds	CC0	https://freesound.org/people/Seth_Makes_Sounds/sounds/670039/	
_shared/music/freesound/fs629170-chill-lofi-epiano-loop-80-bpm.ogg	629170	Chill Lofi Epiano Loop 80 BPM.wav	holizna	CC0	https://freesound.org/people/holizna/sounds/629170/	
_shared/music/freesound/fs395037-simple-relaxing-guitar-loop.ogg	395037	simple relaxing guitar loop	Kodack	CC0	https://freesound.org/people/Kodack/sounds/395037/	
_shared/music/freesound/fs335361-little--happy-tune---22-10.ogg	335361	Little, happy tune - 22.10.2015	cabled_mess	CC0	https://freesound.org/people/cabled_mess/sounds/335361/	
_shared/music/freesound/fs655615-happy-hip-hop-beat.ogg	655615	Happy Hip Hop Beat	Seth_Makes_Sounds	CC0	https://freesound.org/people/Seth_Makes_Sounds/sounds/655615/	
_shared/music/freesound/fs639933-blue-sky.ogg	639933	Blue Sky.mp3	Sergmusic	CC0	https://freesound.org/people/Sergmusic/sounds/639933/	
_shared/music/freesound/fs566952-funky-groove.ogg	566952	Funky Groove	code_box	CC0	https://freesound.org/people/code_box/sounds/566952/	
_shared/music/freesound/fs607304-beach-dance---edm-dance-cinematic-party.ogg	607304	Beach Dance - EDM Dance Cinematic Party Eletro Chill Happy 120bpm Music - EQ Mastered.wav	szegvari	CC0	https://freesound.org/people/szegvari/sounds/607304/	
_shared/music/freesound/fs384202-slow-cinematic-music.ogg	384202	Slow Cinematic Music.wav	DeVern	CC0	https://freesound.org/people/DeVern/sounds/384202/	
_shared/music/freesound/fs688675-chill-lofi-piano-music.ogg	688675	Chill Lofi piano music	ZHRØ	CC0	https://freesound.org/people/ZHR%C3%98/sounds/688675/	
_shared/music/freesound/fs412048-making-up--soft-hip-hop.ogg	412048	Making Up (soft Hip Hop)	shortiefoeva2	CC0	https://freesound.org/people/shortiefoeva2/sounds/412048/	
_shared/music/freesound/fs691837-easy-going-music-loop.ogg	691837	Easy Going Music Loop	Seth_Makes_Sounds	CC0	https://freesound.org/people/Seth_Makes_Sounds/sounds/691837/	
_shared/sfx/freesound/ui-012/fs678248-mouse-click-sound.wav	678248	Mouse Click Sound.mp3	Pixeliota	CC0	https://freesound.org/people/Pixeliota/sounds/678248/	
_shared/sfx/freesound/ui-012/fs448080-wet-click.wav	448080	Wet Click	Breviceps	CC0	https://freesound.org/people/Breviceps/sounds/448080/	
_shared/sfx/freesound/ui-012/fs467490-24.wav	467490	MacBook Pro trackpad (48/24)	neilraouf	CC0	https://freesound.org/people/neilraouf/sounds/467490/	
_shared/sfx/freesound/ui-012/fs565205-computer-keyboard---pressing-fast-and-ha.wav	565205	Computer keyboard - Pressing fast and hard	khenshom	CC0	https://freesound.org/people/khenshom/sounds/565205/	
_shared/sfx/freesound/ui-012/fs677658-fast-typying.wav	677658	Fast Typying.mp3	zekybomb	CC0	https://freesound.org/people/zekybomb/sounds/677658/	
_shared/sfx/freesound/ui-012/fs754201-fast-keyboard-typing.wav	754201	Fast keyboard typing	Spacekittycat	CC0	https://freesound.org/people/Spacekittycat/sounds/754201/	
_shared/sfx/freesound/ui-012/fs378083-mechanical-key-soft.wav	378083	mechanical key soft.wav	bigmonmulgrew	CC0	https://freesound.org/people/bigmonmulgrew/sounds/378083/	
_shared/sfx/freesound/ui-012/fs378084-mechanical-key-medium.wav	378084	mechanical key medium.wav	bigmonmulgrew	CC0	https://freesound.org/people/bigmonmulgrew/sounds/378084/	
_shared/sfx/freesound/ui-012/fs427823-whoosh--1.wav	427823	Whoosh #1	Kinoton	CC0	https://freesound.org/people/Kinoton/sounds/427823/	
_shared/sfx/freesound/ui-012/fs425706-woosh-medium-short-01.wav	425706	Woosh_Medium_Short_01.wav	moogy73	CC0	https://freesound.org/people/moogy73/sounds/425706/	
_shared/sfx/freesound/ui-012/fs425704-woosh-low-short-01.wav	425704	Woosh_Low_Short_01.wav	moogy73	CC0	https://freesound.org/people/moogy73/sounds/425704/	
_shared/sfx/freesound/ui-012/fs179779-wipe2.wav	179779	wipe2.wav	Sclolex	CC0	https://freesound.org/people/Sclolex/sounds/179779/	
_shared/sfx/freesound/ui-012/fs702773-swipe.wav	702773	Swipe.wav	LilMati	CC0	https://freesound.org/people/LilMati/sounds/702773/	
_shared/sfx/freesound/ui-012/fs786514-swoosh-v2.wav	786514	swoosh_v2	migoreng1	CC0	https://freesound.org/people/migoreng1/sounds/786514/	
_shared/sfx/freesound/ui-012/fs592443-swipe-up.wav	592443	Swipe Up	Baconation	CC0	https://freesound.org/people/Baconation/sounds/592443/	
_shared/sfx/freesound/ui-012/fs464302-paperslide.wav	464302	PaperSlide.wav	eyesonlegs	CC0	https://freesound.org/people/eyesonlegs/sounds/464302/	
_shared/sfx/freesound/ui-012/fs444431-sliding-envelope.wav	444431	Sliding Envelope.wav	MTJohnson	CC0	https://freesound.org/people/MTJohnson/sounds/444431/	
_shared/sfx/freesound/ui-012/fs211246-pagerustle.wav	211246	PageRustle	Tomoyo Ichijouji	CC0	https://freesound.org/people/Tomoyo%20Ichijouji/sounds/211246/	
_shared/sfx/freesound/ui-012/fs256455-mouse-click.wav	256455	Mouse Click	HunteR4708	CC0	https://freesound.org/people/HunteR4708/sounds/256455/	
_shared/sfx/freesound/ui-012/fs534103-mouse-click-single-00.wav	534103	mouse-click-single-00.flac	pbimal	CC0	https://freesound.org/people/pbimal/sounds/534103/	
_shared/sfx/freesound/ui-012/fs349698-light-slow-swoosh.wav	349698	light slow swoosh.mp3	Mikes-MultiMedia	CC0	https://freesound.org/people/Mikes-MultiMedia/sounds/349698/	
_shared/sfx/freesound/ui-012/fs71852-digital-whoosh-soft.wav	71852	digital_whoosh_soft.wav	ludvique	CC0	https://freesound.org/people/ludvique/sounds/71852/	
_shared/sfx/freesound/ui-012/fs378085-mechanical-key-hard.wav	378085	mechanical key hard.wav	bigmonmulgrew	CC0	https://freesound.org/people/bigmonmulgrew/sounds/378085/	
_shared/sfx/freesound/ui-012/fs570754-keyboard---press-down.wav	570754	Keyboard - Press down	Foxfire-	CC0	https://freesound.org/people/Foxfire-/sounds/570754/	
_shared/sfx/freesound/ui-012/fs685256-riser-sound-effect-short.wav	685256	Riser sound effect short.wav	syntheffects	CC0	https://freesound.org/people/syntheffects/sounds/685256/	
_shared/sfx/freesound/ui-012/fs541029-very-low-frequency-impact.wav	541029	Very low frequency impact.wav	AudioPapkin	CC0	https://freesound.org/people/AudioPapkin/sounds/541029/	
_shared/sfx/freesound/ui-012/fs388958-soft-two-finger-snap.wav	388958	Soft Two-Finger Snap	jackieAZ	CC0	https://freesound.org/people/jackieAZ/sounds/388958/	
_shared/sfx/freesound/ui-012/fs256457-mouse-scrolling-slow.wav	256457	Mouse Scrolling Slow	HunteR4708	CC0	https://freesound.org/people/HunteR4708/sounds/256457/	
